MNV321,1980,/9j/4AAQSkZJRgABAQAAAQABAAD/4QBsRXhpZgAASUkqAAgAAAADADEBAgAHAAAAMgAAABICAwACAAAAAgACAGmHBAABAAAAOgAAAAAAAABHb29nbGUAAAMAAJAHAAQAAAAwMjIwAqAEAAEAAABABgAAA6AEAAEAAABJAwAAAAAAAP/bAIQAAwICCgoKCgoKCgoKCgoKCgoKCgoKCgoKCgoKCAgICAoKCggICAgICAgICAgICggICAgKCgoICA0NCggNCAgJCAEDBAQGBQYIBgYICAcHBwgICAgICAgICAgICAgICAgICAgICAgICAgICAgICAgICAgICAgICAgICAgICAgICAgI/8AAEQgDSQZAAwEiAAIRAQMRAf/EAB0AAAEEAwEBAAAAAAAAAAAAAAMBAgQFAAYHCAn/xABUEAABAwIEAwUFBgQDBAgEAgsBAgMRACEEEjFBBVFhBgcTcYEikaGx8AgUMsHR4SNCUvEVYnIkM0OCFiU0U2OSorIXRHPCGHSDk6OzVGTSNYXDJv/EABsBAQEBAQEBAQEAAAAAAAAAAAABAgMEBQYH/8QANBEBAQEAAgICAAYCAQIDCQEAAAERAiESMQNBBAUTUWFxIjKBM5FCseEVIyQ0Q1JicqEU/9oADAMBAAIRAxEAPwCxQzod9ugNPzE1PRws7A5jA8v2ppwHLWs4moDivTSlQzG1WLWAPrzoeIwZCSTYbdfKiogd5W6bTVfiMQE3G360958nSw570xDIHWaiVFedKjMR1qM5w4kyVm02j51aBWlBLu1ExXt8F5qPupiuDibknW3uqy+8U1Dgo0AOGJ5aaU9rhCdxenqeHup7b49ZigH/AIEjWBNMPZxGkfXpUn75enKxfWmmAHs+jYW+udMPAW+U8ulTk4kc5phxN9utNEZ3s6g3I+JFYvs82dv77b0cYreb/OhqxwnUUVGPZ5vl8TTBwVHKpP3zkaQP21rJQv8Ao6g3lXvikVwJPU+tqKnFdaccQNjRDF9nkEXnUGxjSlXwsTIKknmFGb6i0WpyMV1p7b1QQFdlG9ZWf+Y/3pzfZtEfzD/mNTBi6Q46pBXudmG7XXbqaM1wFEyc49Zo/wB9pV4rT9dq1rSMeDDmr31ieCJ5nWdb1KQ9a1Kh4++moiHgwiMyrmT7VDc4Fb8S/wDzXqwU9Q/vMHaOc01QDwSdVr6Emnq4LH86xzg68qL94vr+lObf9aaqE7wY/wDeL6ibViuC/wCdev151NL9KvEzUvaVDVwcj/iK5iwMdIoC+GqiA4okC1hHWrFLvP0oKn4uLyam1ZET/C1TPiKnpTv8GVMhxWs6VJViNNZpzWKptMR/8PXf+IfdSOcLWf8AimLWjcetSw9cmbRSqcpohKwLsn+KTblpThgHNfE2jSpanjPKiB+oICeHuCZcKhyjSlGFdGi7EctKmuYsDrNNQ/fSgrn8A6dHB1t+9RXMO62kqCpKRIMQfKrzx/2pHH+ekaz0q6NZwXaB1QBIy5ryZ53qxZx75MexG8zUtSwQBFogCKM09BjnpTRHPjAzmTvsaQY96TZJipod+hQS8BM++oIZ4u+VD2RlFpH+a3wqQ5i3kyPYJJsLz60rT1hyv8d6kB8eo0oIB4i9f2ROtp9ahntQuQcoJA0vVziHrRPn+dFw8AWsB0ouKb/pI6I9iSZJEfOn4Pj7qhZs76233q0UQSZv9dKeHANB+etFRBxF/ZKY/wBR/Sl/xF4XyJ5fiv8AKpYc0H1NLnqZqVDw/E3dShIJPO9qOrijsyQnyt7550r742FPbVYaWqpiKeLOERlA6zNAxPHHbeyTfY+/berNT8jUDpQVKFGkNXHHf+796hET5TTFcZcmzQF+do3OlSlPAeVPkc6JIgK405P+7kDfMP0msb7QORdo2ubg+gtU8rApkgm3Oiqn/H13lpXSCPjamf8ASFR/4SptuLX00q3fVE9ajJcHKgr3O0q/+5VM2IigK7VqiPBXIJ3tOg9KueUfXxoaN+v1zoqmT2iVu2uRtt5UBfawi5aWR9dK2BSelIQJjp8aEz7USu0h1DThvp/eKQdplbsueVrVcppykATAB5UOv2UKu1dgfCc31AqT/wBLEwJQueiZqwSxI9ad93H1atNdfspD2pF5advtGvWfyrFdqRAAacHXLr+nnV74Yn0phAqs4oVdrf8AwnBzsTWDtKDCfDc6+z1q/wDDpC3URrzvam8eG5fmm1NR2rAn2Fg8oJArZFpFC8AEaX8qlGuu9p02lC78gRSMdq0/0K5fhP6VsSx/LyuPWo7vDweYgzY6xUFKvtWkmMihG+U/pTl9qUE2SqR/lP7VfKw48ulKW9KmilX2oRGitrZCOh9YoY7Uoi4VqQLHSRV85hxTPuw5CnQoj2oRcQrT+k85rHO2ANgFe4/pV7InYx9cqVLInSq1FGrtKgC+aCNkmahjtI2YPt2sJSfea2xLKZH6VhQOXwH6UGtK7UoNgVbfymfSkc7XImIMC8wZ0rYPAGu/oPypSwCdB6Df3URryO1bZEe1PUHSlT2tZ0JIIH9JNbGWRuAY6ftSHDpBuPLT5R+dFjXnO1bZSBud4OlA/wCljZsmZG0EedbOcEk/yg/XlTHMGkHQbXt+lTVasntQ3Ak6TYA0r3bBEDedLGtnZwCBYAD0B/Knr4ancD3CqjVUdsUi1+W/uoqO1iDOxG0GtjOCE6D1A/T41hwKTsB6A/lRv6aue1rYOvw3p2I7XNT7O/TQ7weRrY08PRN0i28DX3UR3h6TEpHuH6VHPcasjtMiYzW/OmN9qkARea2g8NTske4fpT/8MT/SPcKdfs01VjtW2QMx313oiu07cn2orZU8JR/Sn3D9Kxzhyf6R7h+lOjcar/0uREAimp7QNTOY3A1FtTNbSeFoOqUm/IT8qf8A4IjQpT0sP0qr5NZR2oaJMmw6GgP8da2WUnymf7fnW2J4YmfwpjXQW6aU5XDE/wBCZkbDSh5NRbx7Ivmkkaxp0rP8fR/VYVtX+EImQlPqP2oq+FIvIB6wL9KGtVT2nbgXiBANGc7SNDVSdOpg7zWzI4MjZCTPNI9KIrhiD/Ijr7I91XF1qB4+1Fla7/pSDtY1JAcBiBe1q3A8Ibn8KegyjzPwpP8ABW/6E6RMD9KJrT8R2ibE3EW+NKe0rVgFTbXbpW1/4Eg6pT7h7tKcOAt/0JE/5RFMXWpDtE3F1Cinj7Z0UAflW1L4OhIJypiP6R+lBRwNsn8Kb30FRPJQDtK0CRIVzO9Ad48gH8XXrGwraRwJtOqEnfT05Uf/AAFBsUpPoOv60NaqntA1ETN5PtRblUzDdoEHcQIq/HAW7DIjT+kURvg6LeyDptHw2qZq6oTx5Bn2gRfzoX+NoIBCoAvc/lWxHgrYJhCens00cEbmcifdVNUjXGW9cwM8z8qd/jKLwR76vf8AAW/6Ue4U5PAW/wChPKwqZEUTXGEgEyPPnSL4ug6Eep0q8xHBGgBKE6gaR5dPOmjgLZJ9hN942qeLSnb4oiNd5piONtFUZ0iIFyPWPKr1HAGh/KLaRTHezTJF2keib1PFFQri6LAKHmN+tCd4s3M5xM8/fWxq7Ls/92mOQEUM9k2T/wANE9R+9ago0cYTcZhfqKGeJifxJ051dq7KMn/hp67e6kT2WZ/oTyqYuRT/AOIoixHvph4ombkbGJrYP+ijOnhpjkP70JXZJkn8AEbc/OmJ7UK8bmNiImfqOVEe4kNyD9fKrodlWhcIAjYGmjsa1qUA+p91JxTIqWscm5BGltoqO9xVOxF9Tv8ARq8V2QZJu2PKTUN3skzcZPjoTWjIrnOJDY+ZoGIKdjAmba/V6vHuw7R/k0AGp9aCrsQ2DGU+qifWh1+yrUsDS87b0JT8Qec1Zr7BtbZhJJkqPwqGvsggkAFcJ3za/ChahKcm/wAqcV2trTcT2dF8qj1vpS8N7GTdS1TNoNFmkCufI2rGHwR5fGrAdiE/1Lv1pGewyP6ln/moIK16Re8UpSZv8elWY7DIMArX7/ryo/8A0CbE+055ZpoiidcB+vkKcFC99BvV072DasQpc+f7UxXYpvZS/UzNS3CKWkUu0/LWp6uxCNMy51mbViOxqR/MqYtBmkulVy1e+mOCwE+cfW1X6OwKbe0udzIp/wD8P2/5lL9+vpzqo14PD0+NNU8Boav2+7pqfxOc9aYru/R/W5AGki/9qJqmZWJA5x+591MU76X+E1cr7CIFwtyfMe7yp47AJIutYJOk20t7qHtr76xNtSb0RxYq8Pd4iPxuehFYnu9Rp4jka7UMjX0qisDuvlJq+Pd8k/8AEcA5Wv50x/u9BNnF+QAt671oyKBKxH70gWIk3varxXd4mbOLiI2nS9NR3aQLurjbSqapi7b69KRMH0iro931/wDerGloB0oZ7vxf+KsegvNTTVK44NNKd96ne3lVsnu+/wDEV6AfrWK7uOTy7dBFNalVRN/0NN8YXq3V3dn/AL026Chr7v1f96Y/0immRUBdNW976uU93R/70x5TT/8A4dqt/E06VdaUiXbVjyRNWiu71f8A3gjaRSju7XH+9/8ATpS2JYqM9CdXrofKrpfd85rntpcU5vu6WbF1I9Lk1NTIpvZIpW9INW7fd44Y/iARqY5jrSo7vHP+9A8xr+lNVTLG1MfNXI7vHDA8UH0pXO7pdj4gmJgimmqZC+lIVe6rlfYB2J8QAHpry91Cd7unZ/3lvKmirU57qYFTrptVu53fOf1g7aaUJXdy6P50m/ltV6VVg3vakSBVsOwLoH4k0Id3TsfiTOhqXEtV61AedYYsJqwX2EdiyhblQHuyLw1jpessahqd+ck1mele4G+NEGhP4NxOqFacvqa1G5KcV05sdZ186hh6BcEedj7jRUvfpVO49fKbE3n5fLU05Hlz2qQlI36R5mo2LfypJUen9q6vEicRxKUJzG52TpPurXFrUs5lEdEjQeU/nRFkqMqnWw5UJxcabVm1qBvri1RluEnS1HCNzzp6WR6VNVFLNYEdNLxrU44aaK1gp295qaKdWH58/wC1Z4J0q+Z4b7+UfI70qMHOo3iqKI4WsUz0q6OBO16X/DtZoKIM9KzJFXZwsbbb0w4QxMSOv1pU1VMWqQD18qufufShrwURMXpqqnJ0qO4kG0VeqwHxoaeG9Kaapg30+opDhp1q6+7bDUXpU8Nk3n86hVSjDDyHlQywJ39avHcGBQ/uXT3XomKgM/P6507wzVweHD5UwYKfeR7qIplMidP3pimPSrp3AC3z6/2pE4P1vQUysP7+dNDEfWtWy8CZt60dXC4/vUWKNItWIbuKt1YPpSLwA5etNaVbbPn0phZnpV0rh3Khowkz8aqapym+9OUmrNeAG060Q8O+VFUpb+PpQ1MnYnr9GrL7kBz6RQikAT86IhlPW/KhFX1yqBju07SSRnBIjQ735VUO9rU6yb9KuL5Nl9T501Pmda1lrtKjZXpNWOF4yDuDTDV4tB5yacpJ6yfrnUXDcTSYkxVik21+FZoBB62pcpGhvU5GHJj6FYjAHc+kVBBDRNPUk1ZDAE/LlSLws+6fjFQVqUHnQnyYNXAwE6dZoOLwHsk6DqaLJqowwOskyNaK4lQIM6fGrbh/D/ZF9qejhpJoYq23iIjfpTH5vJq8Twywtbn1p7fCulv0ojW2Uqgevup6yf0rYW+G28+YoTvCRRVCM3PS9Sy8r0qeeH8qcMGTQVaFmfr49actRqf9wN6cMDQipddMRQ0vkxHLXrVt9yoLPCjJI0o1FcvGG060VONItU3/AA46n5VHXgVbAxzoYE3izyFKHlUVrhypnYjTkaL9w86IhLxF6wvk7cqmo4adab9zM2vaioi8SeVDTjDppVj9y6Uw4GhiuViTsPzppx8bVPdwh5H63oH3IzoedBC/xExdJBn4c6UYydqkuYD3UJzBkaCjSMrH20IrEYzoalKwJjkfKfTzrBwzz8qMoP3746/UU1PEpG4qYMAaarAnlJoIo4h0NPRxEdaOeFazaaxHC6NG/fhN59KAeIayT7tKlPYDzqNjMHBtJomGDitFGPpHuG2/LlTGeHc96LkN/wAUAtfrasVxcajypzvD9OtNb4eYAjzNXDIanHAb0o4pF7+6nDAm8jb6ihPcPUdLVDIceKCKQ8XA8jv+UUNrgZGpmke4WeU291DIOniIgwdaC9xEbkmm/wCHKrHeFnQ2HONJouRHVxxI0N6mNcTB/mqMz2fgzr+nOpSeFjr+tGcPRxcaSLaXpw4mKhucM5bU4YPleinq4lr0prfFdLxt6UJTFtP1rDw23X8qCSriMg5T+lORxOBcibfvURGANFGD0MUElHERzB6UrvEx871FXgf3picGTsN+c+tBLXxERqPfUdXGJi80z7jtQxw+pomr4p/mB58xWI4gNZnyqArh55eflSf4eEwLmdT05eVMWJy+JBYFxHMUR3iIG485qqGE2AgA+U+lFZwUi40qmatWuIzvb661jPFBe4tY1Tf4fJ8tqKjB20qYSLNePGgPWkTjgdD9b1XDAenK17flTDhNoNqYYuFY8EGIkfH40QcQHP8AX51QM4CNtfq9FPD5giRtQzFmvH63sdOdZ9+BFjp+VV6uGGBrSqwB5QNzt7qiJaOLBUmRJOk1KbxfUDzqkwvA0iSLzrRk8NM3261V8Yt0Y73c+tOTjBP71rzeFKiQCbE7G9SsNw4xB1vTaeK4Tix+YNETjOVVqeHRbas+6A2jy1FLp456T/vu8g0Q47STFVn+Gm0U/wC5zztTsWDz8iDca0I40AWIqGrDm8A3t6VGOAPKmoulY2/5c6Oh/SbTzqiRhj+1G+69SDTVxbpxg6Uwv5gY3jmIiqhnCiLTbn8fdStYI6mRPU/nVMXaMZAPTWlOO91VDTG0maeMMRzNTTFx9+5AH1+VYX53jrVQrCnSTtpT0JPpRFq3iRprGtED4qnS3MmdT8qeMPvemtatE4y+1qxGJHS96qxhjqJpU4WL86qVcZxp7vrpSDE268z+VUy2z1vpe9YkKi3rP5VNNXCHp+Y5fOmtYgab/CqcYFW5NqktMHnG/XyppqyDsdBzoasSL++oQwkaE+sTTXMIqI+taInMY4KFOGK9ar04EiRtNqajBq/Sp5CxVj43oLWJmd/0qGcGbzvtyobOGVoDppaIposU4idtKUvDf061VltcwTrefyNY/Ok1PJcTy+CTB5/pQl67+lQfFIn4nnTkLNPJaVzDCT1ubUbxhtURThvf1oWGYUUnqaeSVapVPQU961QFNn3bc/KnOA7H15VPKol/fgPlRDiB+nlWt4h5Y3FzrHppUrDumQCfhVlXF2b7x1nakQsCw+pqsWVDqYI6Vi3FDkTVonuBJPL86wNAXAg86q0uKESJNSUvn8+lPSJLTvMTyoyXqqg8Z5k3PnyojzhiRyt+/UVpNWvif3oS8TcW0+NVScfEA70qsUdgLfKjK0ChpTs+lU4dN4i1GQ6d6jUWZVAtWBX61WlSulza80Px1DnNNMXbi6Z4t+hqmS8o7fr7qX70oabc6qLdAEnTSKQ4gW93pVT94Maa01WJI2HvqaLluLUKR66mq37ydelY3ijExSUxYvRWNK5++qxOLO9PaxJjSqqxZVr+1KU+6qwK9351jWMMaR0FTTVooRWZ/wC9VAxJ1vf8qf8AfLaWsPiasqdrREelOQsVVKx1Y3jj8D5Vek7q0WqhgVTN8UPL4UZOPmoq2Cwbfnp+9O3PlueVU3+IxaOtI5j5BmaLq0Wu+3upMvP51W4jikD9NPTmaCOK6WN+lExchwT9b0SaqEcQPL3imOcWjX37UMq5V6CmhFqr2sb1qO/xgzv7oAoq5aHuprgA3mqtniRIGsciKavG/P0qaqygb6UxYmPdUFnFCTrz6DpS/fNY5VlcSjE7dPrnRUsD96gIftelTjAdxTa0bi+DoVOZIUOuta5j+xSVGUym+wkVtYfjrNIhwH4++rNrU5O7FwCB6+VazxR/xFf5QZFW/aDiRQjLaXDlHMEXN+UVTNNkJvtaa9Fr5+ImLP7VA8E/G+1Ti3eaMMNMxqRUbkQ28PzFSGOHk6Wq4wvCgBczb3VOZSLDbnUxUJrhoGl/T31LRgEx6VK8D2oGk/CP1rArp0M86YgDbEA2+FM+471JzbfXpzorAtrO1/hVFerBW5UgwI9/PWpSmiKYG7wTrQRThAbeh+utI3g9o0GnIRYcudSEtQfjTg1Gg6n86mLqCrBxHyN/LSmt4H087zerFSN6I25mAI29m+8GT5VTUBODA9N+dRV4ABJPWf1q59L/AApj4j8PuIt1qYilOFCojlNv3o6OG1YNkD9tx+1Kb0xdQG+GjXedPfQl4WAbH3VYBJzfCI06zT1oAubczTDVUrBAC9qxPCxrtG/5Wqwfb5RH0awEGOUW5VEQEYMdfQgflTBw/c2qcocuv7UAtEDpuJsetAN7hom0UBOAkxPWKnpPp9c6Kh0G/pMXt+VQV3+FajoaanACNIkXq+yTO1KGo00Nj9bUxda+MINN4PwqG9hLnlpP7Vf4rCXBTA/Sb3qOrDATO9VelMrD3J23oK2eUmrrEiPXS2u1aF3hdr/BhpsjxVW/0cyeR5VDcA7U9sENAJHtuf0jaBqo+e1c24txR54guK9n+lMj0OkxVpw3g5J8RVkm6lquVE3gb1tGC7A4x7/s+HSlP/ePKSibWI8QgxF5ArtJHO1zRvDJFgk8zafIUHGJVyPlH1pW+8R7qeJJBUlCHkiyvBWhZB8gqYsbjlWpYzFlByuJU2r/ADgpPrmirGNUSExrIMbintYkjQkH4VbLKVaieoqsxuAi6bjlVdJVlgO1R0Njz51uXCeOyNRXMEmdPWpmDxpQoawKzY3ruPD3gQDI6DlVohXw3rmXAu0Gkmxt61v+ExNkzv8AKuFaq0CaL4AI56cx9CmtAc/KiIPO071DDUNfD6t0p7mAChztTmxRUk2FqNREwGEhPlby6VJaZk0RhdGFGjHcIN9KVLIA+QqWmL1HWqpoaUW61HLVR23lGZiJt1qai4O1VMBRhaaGKkpAtIP60jg2rOqjKwnxpW2pmpLaKK230+udWJiKzgxGm1OVhbARpy+talH9qfht+RqqhloVjmHAM1IW2DrQ3VAWvfSjOoTmEH1t6UBTWvwqehFNKffRcRlYa2mtzQ/u9TEpM9KYtPzoIa8H5z0MfO1KpiB5VLeQaRJPx22/eiglrpTPuc/pb386OpUUxC401jz+NExAXgvX8qcnC1PIt9XprbFFRUYAcqVOBvU0N1ngac6IgDB7Uz7r0qybH59aehvWiqxWAtQ/uX0atFq8qEls3oK9GC6CmLwYG2tWob6a7U1zCA5okEAx59aCs+5Cm/cOk/WulV6O0yQoocORYnUWPIg6Gpn+OtD/AIifeP70QdOAG4picDI08qzA8dbWrIg5tyoaDp5mrVI5VdMVxwI5dTQk4DTrVqmNYvQlVDFd/h4jSlc4WPP6+pq1DQjQ6/XvpQ38eVBUq4b0oZ4TAmLTE1brT8aGtEj6+r0WdKlXD+lYOGDp9cqtlo5Ei1My0ZqqPDBy91Z/hw5VaLRrWNtSaLikHDRsPWsHDB6xV2tewoLjI/fnRpVf4WP70Rvho6fX5VYtNiiJHMUIqf8ACqQcI2H0f0q1U3WKVtRcVaeGi9r9aaeHx/LNW2fp76QLFDFS5wpMUNPCk2ta/wBSfyq0cT7QtpTg0N5oiqVwoeXlemJ4WJsPrr1q4CDpy3pHEETQ1Uo4CBsZ608cJHKrYNmJPL6FNTJFCVVq4YOX6U5HCQIt86uGk/3o3h/OiqIcKHKxNPTwdMaG/L86t1Ya370RBtbTSie1EeGDlWOcL5COczoNbVdlNYTt0t+dEsUTfDE7adacrhyQauvu/wAKXL0vV1MUR4cNelKnhe1XCWJvArPDM6f23pq4qhw+PqaQYIfv561duM6H09KGcLvz501qRWIwU048MvtV0z+1E+701mxSf4by+NY3wUa69Kv0NRE0rTOtRMa6vhI5H0oY4XAEGTv+1r1sjjIpjjEcqLGtDhs8xy+o3pXOFm8QZE9a2EYafT40rmGt+dG1Gjh1vQU//DqtThhTG03ijOq48NH0KQcNHlVotNYUXjW0/XWrqKoYHal+4W10q2S3f4X+frWBFtByqCpODgTeTy8r+tNHD/P9OtXCW9Lzcg05xBnp86CmTw+I050hwWsRVotj1rAzrtyqYK9vCT6dYHSit4PXSpCcMeh6R7qc0OdqYuIn+HXk/CiL4ff8/wAqmsmiASbetVFYcH7vj+tNRhqtvAG1YGtfyoKpWCprmDvpVupnW1Cy203odqhzA+dRMRgwATpV+ufM/KgLZ9/wo21hPDCBzPXT+1I5w50AQG9fa1Fto3rZS3y21imlvSaI19DCjaQANgPz1NGaw5iOXSrZWFA09ZpzTVqMqhWFNtZ5c6U4TYa/KrhTG9DUz6fnQUi8CZ/ttflTE4Tl9T5fMVbONA+R9Kw4ER00ta3nUxdVYb0T8AZpysLGtvnU4tJSIsIEA8vXnWqcf7TJbSb7WOsmdB1q+JqZiselGprXsX2tv/atVxfFnXJOgm0/vvVS5hxqYPUn8q3I58m2udrY3EzWNdtNCVDmfy+FaU5iEg2FR1vg7fCrjOugYrtTmjS1xFbLw7iYIkn00H7muLKxB2tVrgu06063HP8APzFTxW3HZ2XJ/mFKlUgwdDvvWp9nOOpUBBB3g/OtuYdkXqYsoyG/2t76zwdtanAb9d6MljlTIuq0Yfes8HSfoVZO4ahnB0xhAWxS/chr7vKrBhHIe/Snfd6Y0qnMLaNRuKanDR+lWqWvfTlYSaY1FI9gNbU4YQm21W6cIfU077v5UxVOrDk2FYnC+4/GrZOHPKLVicH7hU8WVKhsRv0pwR0/erlzCmIFMSxG3KniapwzN4NjBHP30T7uI6fXKrQYb30/7nVxdUacGZ5jYViMLGwq7XhLa08YO25piNfbwdv0+reVEThhcESI9KulYSbQOoH59edNdwZ5W0pgp04OBoBtSKbsP2q4GF5/UUMYKffEmo0qvu889NyP2pi8DM/A+VXasF0/tTPul9NKiaqktHYXtOlCcwN5MXMmelrRV8jAkU04ExJjW1E1SnCTpA5U77kLQNet+tW/3M6cviN6f/h3xsNqmLqhThdo5x5cvSmnDCRPpWwnAx1igucJn00nY0xrVI41cyAPra+tR1Ye0b89zWxf4bzHlQneHdKzYsa444QLURvF6DnVm7gY1+FQHcMaSWK6/jQVuknRFgOsXPnt5UxY2qw4Vw+Qok/ik9bm1RcRh4gD4/Oa9DxRH8CbDarbhmGiVbXFNwWCBvU9WHMVY0CluZ5c6ezgACY3gm+vlNFbeFhvvtRkkbe/8v3rQjB4TE32BBg09xN+ms7nkI0iKITIgeh3pSuZttHuoI3WjOPADSkCLUNSjoDaL/CsBUK1vQ3kafVqI6jl+V6f4UAj1n96AQYFObMTba370qG6cdI3oIl5SAJG9IpqJo6k2pG1E0AJuZChyorc3/PlRXDfnQ0GZ1g/V6AZOpi3X63rMmlEdNufl0t66UqkwJ2tPr0oBu2BO5A9aRxIMgi3WnugwJ308qYUgazr9WoHNs89tBzqM+dzr6flT3MfMRJtQfFtcUaxmcinlvUmdKxLoN+VAUVLJAOVP9RGtZSmPuiI9aNhX7W5/OhDs4gqBVmUeWaE+6rOwAgW2A+tqIe3vSO23vSYV6fPQDnTnFyeo1oAOJvJk2j86GI21ka1JfNvT41DYd91BUcf4oGm3HnNG0kj3wEjzPyriXAcGp93xnRmzrKlACVET7KUgamIt510DvhzLS0wkwHCVrPMNkQP+YzVThlfdMGrEos6pwYdjooiXFeaUAgda3JjHyfSa9xgsrMpQXkn+ExAUhhJsC6UzLoF8nvqzwnZFb6i7i3nFCMxM/h6JQiAlIFgKp+wnCglPiKIzqUq6jef5iZ3VW0cN4ihftBeVq4VJ3Sb5tbE28q58rSQbs32Iwq4Vh3n0zIKwSg20BQCLSZkzoetW/FOBLQ0r7y23iWCCCTk8URv7UGYvKadhMAEtBTbiVgpKhkABPkbSNpqswHeAhaFtKw72ISUkLSpMFJ09kzoSYTG4mufG1K5N3gd1iWm04vBKU7hFAKcH8zCjaDvkH4SYMGtC+/kcjI+G3nXorhfCsPhnm2W1LLL6FNPtkqUEqUmD4maQFGwHWvO3aPg5ZcdaMgtuKSJ1yzKD6pNemcmuKPjMMUjONDr0pWL7zNXWBUCkJ/qER8PzqhVhi26U7DQnqLGtRuJWBxRQsAm0z76612Zx0pk3j5Vx3iuGITmHLXl0qPw7tytu18tTlw1rXo7B44EwKlvEyOW/wCVcn7Pd4arHKlaYuQYUPTeuk8D42lwWIkj8JiY51wsxqLxlnmfKnKaPmNjTUr/AGqQhyLdKgBgGtehqaVfKo2A/mOs3o7yyCOvSiw4Aio7iZtTyacWd96zVqLguHQkC5kmTNT28OAOdOwarWvBP9qOUHSL2qxAUkcvKiBNup3pqqepuqGttC457mn5D+VKhHwpYo0jLbg0TNbSnJSN72M/lTFnlpQDeXAqGACbyD76I4560pTajIR5CkB1isyXM260QuAc/OgHl9KCk9Zv0qW9JoIZ56UWHJVb50FauVFW3QHATEW50ah62poeWKkJTT/AEA+tERiyKKAKanU0qRagKtB8qRAoyUaVjgmffQBQmmxrWOrtSpX74oBKXePKlUisVrS6XoAhzSdaVDm4iiEUqxQVvE+DodEOJBnQ6EeR1Fa853YtTZSwOUz85rcw3vNI6gQOtMNU3BOzzbCVBsfiMkm5NWcX/aKIRTvCtrQDCbCaY4i1GKaaQNDegYVjQdN6akE2HOmpbF4tWDE3Ag332tQFIvEXFAInpFHZc3pqpoBNmsdRaiBMUQG1+cfCgghu1RlY4aDbU1NdRY1XP4YgT012o0k9STHlTksZd7a++9MYMj86OVxGhG55UUAqjab+4UdaredYhBnpApzu1p/KgZsLedNb/anIRrSNoIPxmgRtoGmFroPPlRgLHamJG+tAIJ2ojQ166Vh6U4JtEbzNEpAPlTlqkRSZJPlHx505TXvHKjIYXzoGGZyiASRM3qWUG9YhI3H1tQCQqlbVy0GopUsX+rU9CQJ50UNCBGlK35b1JIrBbnfei00xt+1ZFvr4U/L1EfLpTnE+lqEoJrFTtrpRk6TY0Et70DcK0f5telPj62py2zTyyLfXnQMBoTiJ/KjOpHOkS1zNNU1CPT9akMcp86Yyj8yKOhsCNaIIW+Yj9KQt/OlzGaM1EcqMmqZG1I63anLI50JwedFgTiaepVYyufKldR+s0KAtQ9aAwi/Tn12qX4NCRYXH1tRDSn9KYhqDe3zNHCprBrPzoGtUGNalKRamLG9AFtFxtvTkLn5U7DpmihMedA2LW10M1FLZjyqYUxpWT6TzoIea9OUsTeiKa6eZrG0A3+dAiWj5eVESIHlTlG1Nvf6tQY2qb7bUNTl6I0ryjSloGqfP1vQsl9+vnRCmP1oLo9qi6Rxm3rbr+1BxcxE8jI+VSpvcUBwXm1GiIRH6UhTz1oyFDkKEpwm+nKiUAkX3O45HryprSCLH4UbJ086E3b0JoyKoQL7cvrWgLXO2s/tRs/LTypnggjyNAFKQNQaGrFDyowUQTMAWjn51S9puLBpKlEiySf7dTWmWudtu1YbEAyo2gVzw4Ra1FbihOo5RsI0tR2lqcWXV6mbf0g6D3X9aI6syEJEk6VYzaiYl0iQDPSq9eDOqzHQfrtWzo4UEDQEn8SuvSaoeMPlRyAWFdIxarXFp2ApiVW0vVrwzgJuVkJTz1J6CrvAcIB/A10zKm/kNqqtNUPKhOt8vo10F/sedYTyPQ7VEHZlGigRzUm8dY5Vnyie2lcPxSmzmTY8uddb7G8aDgHtCYiDtXOuL8DLcbhUwrn58qh8Bx5bcHI6/qKnt09PRGEvU5nDgchWu9nMelSZBm3urZmFiOdMWEQqad4QJ6U9N/jTW2jz0rKHOp5UjaOcVkc6TxPdtb6mjWk8HeJpDExP1tREqjb1601CKFY3r1pBy5UbNa5vQS5Jj+9qId51hIrC0aKT9cq0oa2p6VjaBNSE/MUDQ++shqmuZ9I/OsS0Pr650VVxfesZZHKiUNDGtKEVKDc2ppR8KIEhrlz9YpcnSnvqiOtaQe2ObGHDgylLevNyZIPOBRW3FEeVOIvzpcPpWRUrRqkc7UxDYFPQN+v8AajuaVlmyozTZk8jr5U15qRbn7xpR/D/SmIaPPzHSiAmJEe7lTkGTYHlelDMGiZh6/V6NYQiP7UIIFGI5mgOOR57USFU3tpypCz76XPRc0iOlGkRzCg6i1V2OwY561cJUPlrTHm526Grq+TpWDsBeIAsKrn5zKO028qmNogDb0oDWtdHmScG2LTU7wvrnUTCG9TVOmY5UAAi/7fnRMnKjPK+VqGlW+1agF4ZB203pCjQ0ZTRMnbnWYdU9aaBReTroeUbW505prytzpA2dxf8AensqBnTl5GgivNDT1pCeQmduVOcZN8sTH0aTDIgGTt/aspWNtG16e8YvE00iRGtGbXOoiiYa87pYAfH+1DbIvG9PxPORY7+VI2JttpRpijadxQfFAiJ6+tGi3woRRtFhvQPKKApYT0M77npRmlU1ZvoOvQ9KBr74GptpcihY4HLbUAnzomJwIP4hMmY2PK3SnLTAHw+uVBBw0kAjeJnWmYhV6lCJ1iBcVTtPqKjaBpHPrestDttFUhNhBHlVphlgAJA0Hr9TQ8A7YR7qkKO8CmFBekEbVhdywI29kedPZbsDE/rTH3R1ERVZMBOsXF7UZsC5i5+dYXtawsqmf5Y9Z+oqBHcPIg8wevQWrG087AGPSnYhB2PLXWkjy5etBzHt8oqxeUR/DQgJ/wCYk/E1r3euC2hhoGW0Yhw5ds60JM+YBMVbdr5Tj1kbsNkcpSqPhNC76m87RdAiFtOx0KC2tVts2W9blYqDxjs14iUQ6pCUgZkjeQIiL2NS+E93y0KDYUpTasuawg+0FEHS0akXpnZXi4UhJB09nnBi2tb7wBoEZZUM11X0VzF9N+VZxIkPqQ0ApLcIR7AybJuLCb5fxRE1YcA4gfFUUgeAYUhZAhcEAgdUkHMDoY5ioXBcSFm5OdJcBGxKZTppyOlVHdHg3mfvDTykusNuhTaxIGdwkuoTmkhMBJMWkGs8ht/aLgspddtBQp1WQASWyFgqAF1C95BA515z75MERilq2cQ2vmdIrvfb3Ar8BZyBteI9lCW3Cc6lq8MCIEQkSq3pXH+/phP3zIm3hYVlK+RcOYn1ygT51njrUkrSOBiUxoQTf3Uztbh4cbWN0b7wb+tC7NuSvLzv9eVWHbPEe20CDZB23JifdXeNfwgzmSqbSJrRFpB5a10YNDw1f1adK56/+JXQ1141nlGx9h7HyPwNdlw3BxlQtH+8SRHMiPaBjpYeVca7ED2lTpA+hXd+zagMpJ2v5X+N648/bfH0vsDicyUrGigbciLEH3VNbNvOqzgLcJUBdPiLiR1No5X1mrYnpXF2h2DwgHSaO83p9etEYRApMS6EjMowkanYfKhUcpiouEX4h3CB/NzO9IFrWoZU+xChmVa/Qb++rdnDAQNIFgNJqYkBwbGUECAJ+f5mpgVQWmLmdakyIOpvVa0EI+H6Vma1qcje1rUgHzowGgm8b0s0VTw0qM/ihRqMeV1qOt73fuKc2RTENRqeooMi9AbN7zFSM4p7ZtEfRoqMOdOUmnqB20poXzFA5ukKf7Uqhy9fypGkETv86DFUKSZAjzoyhaZ/vWMiT9bUEVhWoIM6XorZj8qI4BqdTQ1jSjQRp6RvRPDFqGhuKGiIXTUmkPnWRedtqBVDaglI3p5UOlcx7w++prDnw2v4r95Eew3axUec7AU8dZtb9icclAzLISEzJUQBHrWk8d7+ME0coWp1XNCSRHKSYrz72i7RO4gy84pfJMnKPTSPOrDgPdti3h/CYVl1zK9hPvVE13nCT2z3fTpq/tNt6JwrigJuVJHwvQU/aYSTfCrA6KBt8KosH9nTGKuVMpnbOVe+E2NFxn2ccWD7LjJ6FSkz5eyaf4/umcq3XhX2isGqAoONnmoCPzrofBOOtPjMy4lwRPskEj01+FeWuPd1eNYkrYUpI1U3C0j5H4VrGBxCm1BTalIWDIKSUkEcwIE7QQa14S+k7j22lQNKgn9K4N2B7/SkpbxgkWAeSL/8wke8e6u7YTHpUApCgpKhIIuIOkGuVljUuihvbahrRR1JtQXBXNpr3aDtrh8OpKHnm2lKGYBVjl0nTnVa33qYHbEtW/zVx77SbY++tAif9mBk/wCo+dcya4aVk5G80ahKZidJgb134/HLNc/t60X3pYEf/NMnnCtKb/8AFDA3/wBrZ/8ANFeUh2cc/wC4c/8A1arf+m9Yvs44THgOf/qzH/trXhx/drt6vHePgj+HEtHl7YqwwXanDuEhDzaiNgoV44c7PqGrSxv+Aj5gfCov3YJNwU+8Hpy3p4Q7e5C0TpHzn8qCjDAyDJ6GvHPB+1eJZu1iHUxsVqUn3EkX+hXUeyP2i1pITim5SbeI2LjqU6k+VZ5cP2ZnJ2vEcHgjKSm9xtR8kE3nztQez/aJp9IW0sOJPLUeYiQRyNWLzQUfjXCz93SWI+Wem/up6vd+dCWq4B1HyrPGMijR7iLWnlQsbigkXUBtJoyToAffWod6hjDHmXEQeV7++rx9u/xcPPnOP7tgTxZtM/xEk+Y9aEjjSCD7Q+FcEQuJ/KnFfmOVzb43r1T4f5fpv/Yk/wDud/wPE0KkJIVGt71JzaQI8t64Dw3ixacStJIjW+o3nnvXeODcRS4hC0n2T9GuXycPHt8n8b+XX8P3LsGZZHr605enU2o6Ufn9dKEVTXF8nA/GI8/jt8KMHtdtLnyvS+GPUjWheFQK4vlUdOLHOeelQ+0XHAy2VkaAwOu3xrhuL4opalKUVEkzqYv0Bi1deHx+T6n4L8By/E73k/d6CTiQP5hPnTkvjUnfmK85tunmo9Cox7pp/jn+pQi49o/rXb9D+X1p+R//AJvR7LszEUdaPX6vWo92iScMgkzmKr9JrbVNEiNvjXm5cbLj858/wz4+d4buMSfT4fOscUNo94qFxvgodQUSUyCAqTYxbS9cF4gw40tbalqlKo/ErTY66GtcOPlcev8AB/g5+I/xnLK9BuuRqaGlwyIykXm8EelefG8avXOsf86v1ojPFFggha5/1Hz0nTnXf9H+X1b+Scs/2j0Iy3vqTudtqJG2tUXYrtEHmwub6KHIi0+Ri1bEpHLn9CvNy4+Nx+e+X4r8fK8b9GZKVS6VDe0UMtbXvasuGxJbNqRblVfGeIpZaUtZIA0ncmyRt+KuK4rtI6sqV4i0gqJgKMAcvKuvDh5fb6X4P8Dy/E7lzP8As7ynaieIPcYnkTtXnwceej/eLt/mP61n+OvqKUpdcJUqAkKUTJ0Ougrp+j/L6N/JeUm3lJI9CAa9NaeVe6qPsvwRTTaQtxS1yStSjPkBOw5GrtVeex8D5OE4crxl2T7YHfjpQXb/AFbp60RKb9NjWJIvUYDaBj+1J4f70dvlPvrCm9ERi1eBMUJ/EhKVKKgAkSZ8485MipSxcc+e3WhOonWL+6PltyoxaI2u1tPKKUIAHxpVG0fnT/BH15UJdDKaRaafp+f5UxaZ8/hRDckRy/SmkCiu6R8vnUZZNgOd5oJGSm5etulFaXMzTslNaBka78+lYlza1NiLyY6U80EcEEacxTUnQD30dRoKpg6DyqtQ0ovNCVrbTX6/epIGlh0/WhLbHkaAfjcud6zJJ8p1605SDoD8BWeH12pGSLVQBfpaaIo86Utai1aAX0n6tQ0OWFSCn+1Y2ggDS8n4xFAFadfzGlcn7e47O4loH2YzK5m8D0rqmNsNfrf4VyXBNFzEPKgGVBKZ2iB7qRNFVwsJRYRI1NSOzXZ6xdP89kzsBa3+qrriTaQ2uUwRA56kAZfU1ccdfbwzSVKIhKBCd1qgWG0g6+tdJHHlbWi9rseG0hCUjMdZ1A/I8qoeCcL/ABOKuAJ9P1prLKn3CtV85Jjl/SB0AtWycawuXI0BGa5vqEwPzrPkcePaFwljOcyjbUJMQBtPM1tuFbESP2qDw7BgQIn8uVTFtX+hXO9unpAxKlZuk0vD8eIGURYpUDv1voL03ih0vpUDhcBU/Xl5VLE4hdouECRcZFRGtlX05VzniGHgxrqK7fjOHhTK9zqOkSa5Nx3DbxEge+TPyrXD0vJP7NdvvBSEFBXHL971tmH72UmJQpPqK51wjh+ZUdJrZRwcRtY+tbc46bwbtQ27ZJg6kTV+08DPuvXCUuqaVKSRe4/tXUux/FfFSSdU6/2qTW9bOABYRpenJO1DQoA+fSjlO3169Kqym4eTr7vl0qQYoITtpHrFYhfyqVs4ppuXU0VFNKqjJUA2+ooi0WrMm/WI5isTrzohoMdDWFPSiBFIlqjLG0ga/tWBHLShuUZts72qwYfdTcxGm+/KjuL56dK13tJ2nbYRmWSSbIQkZlqVsnKCNaKH2u7RlluUjM4s5Wk/1LP5AXJ0tWpYzsOWWELTd9pYdWuLrn2nAdzqQB0q37KcBcWtOIxE+JByNahpBvEbLNio6gyK29aduf1fmDpViYi8E4mlxCXEmywFARz29NPSpSlSb87Vo3jnCOQbYdwmCf8AhKgWtohR0PwrbsPi8wSQdd+YNZdU1DVqWAZA2P5U3xYk9YFZ4k6GjNLSPjX63pyha31/ehrV9elZqGtH0NNd+ppWXrDnf3UBzWOdQIVxNRMRio1sOf1tR31gAqVom5rTcNw9WKXmWvKyJtMEgfWtNM1NxnbZtJgSo8henI7bJtmChpYg/lp60b7oygZWh5qgT796Y7wiBmF5/F59atdPFdcP44hYBQQeY39anJfHMCdK5y61lVmTYi/nz99bpwjGBxAO521I8utWJymenVkGQB0+NQ2BrbTrvUtk2+hUVgyfr6vVedOw6Mwgbmp62zYCwHTlUfAucuR+hVkgn9dp6eda0QXWoneedPwGFATB1HLQ+dEWuD+f9qVKQevW0VcTQnm9R8KZh2efs6egnasx8hSVCSNMo6kXtypX3RYkG9jAPM32jz2q4pqSc0RmSbTyjmKKB5D9qMluNNgPjt50LJv8KyGhY2te81HzggkCR9fCpvg71jrNrcvfQVbar8rTRs++pOgrG1Qb8jbny91K6wB1tOtx7ooI6kne41jr+tEUk+pvfyong87TeOfWoyX4N+d9z0FAdANredYFg2nS8bgUrmKiRt0pPATOYC8QZF4oBuMaXOuvPp+VPKdfSsWCAYEnYHf4VHebkQbKmTBj0Atp1oSJSWvWKYOXOjF0AelIAR66Dn67VNFe/Eaa2ny61CcRBnerZLIIvcXkaD9ar8dg5UI/DuN9LQai6lNi070RBpuUJFtvr1qPicJnTBkbykkH4RV1UnXQR060B1vYi9vSsw7JAAkwN9/1qW6m8k6T56CKVPSHhmRzmDFHxBE8o086apQEmLa2+r09T2aNBO5392/nUCtmxJMm9VWKbcSR4YCkkyoEwRNzE2tpVmh2RbX0n4XileRby+vShjm/bfDy8y6pOUKQWpHOcwmLUzxczTfiA+GjNh3twW13QT5EA1t3ajhHiMrQAJstPMFOl530rnuCWCm9woQtJtEWNtJkW3pDx1ojyHsA54ajLSz7C9QpGaxGyVBMSCeddb7JcWAOYqlJAhQgjoDFY32KxC2AFYdOMwhEhAX/ABkgWCm+o2EzpWjp7Dt5v9ixjjS7EYXEtFtaVDVOYryLg2nLJre6zXSu0HZ9TqmnWH2kK8RIWDOYkwLEWJVcFJG87GrfBYtDDOTOkJQtQGbU5SS4SdCsHcbVz3h3ZbintSlggnMXF5YBHkSfIgHfSrk4ZlguPY1377ic6VNYdBy4dtZTdS0xCwRGpvFxWeU/lFpjMZmjGvEtMtjPh0qB/wBoWBeAfwZVEQY3muIcW4ipxbjivaUtRKjMxNgnqAKv+2fa5/FOFTq1K9qUIn2GptlQBAQmIkge1F62bsV3WlQ8Ryb3CYiRNrm0Vm2cZ2cY0Ts72GUVB0kpgxljUfoaoOPu58QtUyE+wBsI5V2PvFxQwzcAfxF+w2B5cx/TrauM4VmNTJ1M2vv1mtcbreFxz8JJ0HI1oue561t/GgSITMmqvA932KXdCNdCSOfmDXaU5JfYogFRMWrtnBXgQkSJImJ/F5co0rnPAe5bGEjN4aBIJUpUj3Jkn312XgvZJLIEqLi9JgBIgbVz5XskWeEwWRKQOUqvubn1qaGwYNYwbeVS8G2AK4V1Ihq/OkLUmCAR1uPcbVICY08vdQiL+dU0rzPw0pQmDTnLUBxXxoaVY+dFCAL1BcxGm0/W1HOI03oh6HKE4o09KI6VCVxNIXkUb/G+ljRNPUN6TLaaI4bHrQUMn0+ulFOm084py0gxREIgfKgJa0oBEReaK2vesQL09LcXqLoY+G3nRVtimJZ69aKo1WggKC5aDRmlailbbO5moIw12jU1jO/maOrDjlTfC3Gm1TV0x1f7UFBp2NTI6j86gh829kmTFvzrRiagX19KMtFNwjc3iKkKHP1oYivYebcrmhLQR9e6jE8udal3i9vE4TDKcTd0kJbBvJUPk3rMUkS9NH75e9AtzhGFQ4R/FcGqB/Sk6ZjuTpXG+BcBW+4lppJWtUnQmB/Uo/UkGoqcOtawkZnHnl6G6lrUZ8yJnqABXqbu27AJwTRGrqoLq9ydcu9k16M8YxFL3fdzTOHAW4kPPf1KEpb/ANKfzNdJ8CIjQe4eQ0HpTmWqKGq43la6+gSkU5DW3uopgdfL96flrKRETaY+vPY1pHbvurw2KBJTld2WgAeQIESOdb4uojifrlVlq5HkHtj2GdwiwhxJKTORyDlI3udCOVbL3K9s8Q1iEYdAU8yuxRP+7H9YmwA5V6H45wdt5tTbqAtKrQf5f8w5K/SqXu47tmsE2UpUHFqVmW4UgLiTCeQSBAtrXb9TZmM3j+zcDypPDpyPLSkX9c64LjzH9o5YOOR0w6Z8pVVz9l5seJjSf6GY/wDO5+lVX2kExjk2/wDl0fM1c/ZfbleMP+VlPxcM+VeqT/Fz+3fk7Gb0gGs60VKeYpre9ta4OkqOtO9tI0FAxnCm1/iabVaPabSZ2vb3VYJZpVAbVEc27Tdw2CdzENllZ/nb0n/TMVxPt73MYjCZlD+OyDZxGoHNSR7Sfzr1jQla6ai/Ig6gjcHlWpzrPjHirsz2rewrviMKg7pk5VWvmHIj1r1H3ddvG8aznT7LqIDqDqJsFW/lVtbe9cw75+54NBWLwyDkzS60kWQDYKRFwJuRXKuy/aVeGfQ+2TKfxDZaDGYEfhvty1rt/tGb1/T2O/hgehqE3hnZ9rJylJOm1iL+lF4DxxL7KH2zKHADYzBIkptoUGxqwcJ+NebHWUJGGNidQI6Vo/e+ucOBMfxEn3A/pW/tgCw931vXPO+NR8BFhJeG+0Vrh/s9/wCD/wCtw/tytSretD3ojh5X+vnTVJ3r6D+lf0wKrfu67tHlUWVGyjKZ2O49a0RF9qVh/KQoGFAyDyI0rPLjsx5vxPwz5uF433nX9vSDS/qdaf4da/2T4+Hmgr+bRQ5KA6c9avCsGRN6+fZj+b/N8d+PlePL3DnRGvO1MJtIP9vOhKTrqdvqa1PvC7UBpvw0WcWIH+VM39TtSTbifD8d+TnOE91pPeX2oLrmRM5G5FtFEa+laWgk60dX9/r41gFfQ4zxj+j/AIX8PPi4zjP+f5IilQifXanFFIkfKt691mR3TuwYIwjJOhSojyKzB87Vtam+UXrX+wAH3Rkc0aEdbR05VsaEWAj8gK+fzvb+Zfjbvzc/7YW/hXOu9PspmSHkD2k3c5lNr9Yro61U1xsEQbgiD1B2qceWXXD8P8t+H5J8k+nmZSawCtl7Zdmiw4U6oXdB5cx0Na4rT3V7pdf0r4PmnzcOPONh7Edoiy6CfwK9hV9NwfQ13BojUGRa86k150QkHy/Paur93PajOjwlRmRpzUnX3iuXycN7j4P5v+E8+P6sn+U943pTZ8uu/wDalI3JEX1+rVihIvWhd4vatTaAyggqX+I7hMdNDXm48duPyHw/Dfl58eMn9tY7wu15eWWwf4bZgRuoWnrG1ajEdaKNKzLXu48ZJj+kfhvgnw/HOHH+P+4Re+uldN7s+xuX+O4IVbwhvBH4uh+Va52G7IfeHJP+7QfaOxIvlma7OoZdI6AacvlXL5OedPjfm343wn6fC932V5PX30xKiPy8v0pzqTbby/OlWc2lrb9K8mvxPd9mhFMCY9acFkawKTxhUGBM7x609Kx69axP7dP0pq13Gw5UDXVH4fH9KE21Ec/gKkKV8vrSo6MQDYHSinIVzvEepoyD5VHbY85J/eitojX9KArp6UIJ/elbRPwgelIsaflQY8I8rUzLPnTwqR9bU1xPLWriYe0udOvvGtKFc9RSuI6CYtbSdfyoASYIHLX5imNYOpE+/wDtQVC9PYXHn+XM9aI/H19aVGdCI086aG5m+/rUZLqiqB+HmP1o6fKJ+prUQjjUfpQliI061ILflblUZ1vWdPrSKLoL70aa3p6HLRF/z51hw4vH1+tEQKKCYtaTT3RA02vzp+TQefkKFjG1EW16b++qlPCqRxsR66fE0NonfbXzpzibTz0oqo4s7YgfigkCbxXJcG2tIzkEAqV/7o06V2TGt2mIItPTpF9edclwDUPKB0znXQTc2NGcPZeUt1lBUow6iRJggrB09K3vvU7HB1AeGYqbJCgLhKdEmNNNTGtalxPCZXULEgBSVBQEQJF5nblyrseAT4ilJJUEuJKCehAM1dc+XXbg/ZB5JWkGYJtbkauu1yMryLaZgCNdR86DxLgYw7q0XIQpUH1kaVY8V4d4rYeTdQF4+OvzrEa/ofDmADz9bUri/wBqXhIBTIItqOVR8a3Pu1rbNqt4moGIsDtROG4PmOVSW8GDB5bVLSUg6/sKze1lxK4i+Etrvl9kgdbVy3i5EIG+W/xitl7UccCoQkkpGvnWm4tzMre9WJKL2cJz+kVuS0jyrU+zs5rR57zWxYnEQL2reEVPFEmdOs1snda77axeCm99K0vjfFZFrx8K6R3TcLyNF1Qu4YA1OXY3EUxbbW+tNDztak8QCBv8+nlRmW+WlyZudvgKMtnf6921RUdSvSdfzp6DQ3h0Jn4elGSehNhcxAPIb+tFlIVwLb0QtiKxlPQfXlT7VMa0ob2pBbX+9OUOlYtd4ioxgaXdbdfSkWqKXwzVfxvh6loIStSDspJ0vvO1ETivS01F4lxtttJLikIA/qWAdeR9r4VzXhPAFLdU1icViErSfZSlxSULTsRl5Datu4b3c4VBKvDDiv6nSXD71yJjmK1i+lfie3y3vYwjSlmY8ZYyspH9QOqo5AVP7OdjAhfivOF7EGwWQAlIOoQnrz1tQO8Dtj92aT4aAXVnKhJHsiLTA5WgRFaNwjtljmXUHEyULI/EjIb7iBJjSKLmu1+F7/3obzg/K9aZ3hdtzhm0hAl1w5WxE7SVR/NFrda1zsN2xxPjpZxYIKwVIzJgzAMQCUxExvRXTeIYZKwUrSCgiIOh3I9LVpqW3cKJTL7MyUCc7Y/ybQOR5WrW+P8Ab3HtKcIaHhAm5bzCBvOYRE/Gm9le22PecbBbAbUQC4G1JsbkyT6UZvL6dC4P2qad/AoKjUaKT/qSYUk1eZx5VRcT7FMu+0UAKA/3iBkWCNCCIJM3vVHjeBPsAqRjTlSCf46ApIA5mZVy51MNb2R1oTqeRHX9K0PsXxfGYhWdWQMJJ9ooKFOD/KkkkDcE/nW/lrlprpWbDAEU15v66053WOn9rUihuee9ZVQdp05i00Jg3X7piOlFwTaAkoEC3sm3nHrUviLMugnQpAB87WqhxqyjN7JOUmwF/P3VqWNSI+JxXt7oBFwkSqRz2APOpbWIAFirTczPPy8qr+FcUmFBN1WJ5DrvVm00kApAjp/e5NadFfxFgZkkDY5p09OtW3Y1FldDasf4VlTmOn0d6k9kWfZKjHtEn0/Wss263jjXaZaXEsow7jhVcuCzaQdJP5CrrheEKZmCSZV56W6VaNsyJNoAFvrSobaIJ2rWPMmoRcRpUjiKnI/hJQpVrLMJAm5temMDQ8h7vhUt1gG3MetUDQoxcjTa4J9b0XIOYtHy3oS1xpERpSl8TpBO0fHlV1MMWzJmY572/KKU4hVhbfelUvmB59f1pjjYEdPqP3rSiNCRBPXf86a6DsLD40jqr2jLYfLXqaFh7zFjv8tJgbVMBm1+yYnqKEyVEkEQI1nWlQ1l03N777+lY8+I092061kRXXLkf3H7UrDeYDNM/lSvOgEW/ekQoa9PoelAqhF/S/KhFrfW+lovv6a09bJuTBFra2392tZh8osAB0Glx+ZoG40gDXS1tP70Qq8qG+ic43OnQbjqfdWRYaCIA5mKAqkwBe4JvPOouIYKoOYi+2tPCZm8n4C+/pRXXIiDJ6UDW0AC1/8AVzoninlFRMYVEZhqCZTpI2Np+jUJ7jkKyrSpOhmJBtzE6daYq3K76W1nmeVDeSPr5VHcxYKZEESIPM0VsWvUxcEbTIg86ArD8jHSjJMeXxpW3d0/H+9XE01CTHWhlAtc++P2NOfM7xzFYlEx60PYWKbkETtr+dNwbIAF5ijsrj+1NUrbY7c6mKxekxfnv/amGRG809TsbRcH+9I4ub/2nSoprrwjaemvrXNu33ByhXjNgeGs/wARN5QqIKhFsqrE8ia6G4b9fhTcSwkpO82IOkVNGjd3/eU9gVhAXOGUtKlBSc/hSZWWz+IW1THlXpVrstw7jOHAJafbUqEuoAzNuC6hcZknmkxvcV5c492bUyoLTLjM3THto56ap2Glas2lbDxfwrzrJNyW1ZRM5gVDQkaXE05cd9M529H9u/sehpBcw+JCCm5S5m8BQNkDXMhUnKLqTOkb8P7ye6rimBb8R7BKLJ/4rBDiSNBmy3Encir/AIb9rDi3shxzDYhLaRAeaIzZZy5sqoVczoLgcq3rEfbR4k4w40nA4RCXEhKlhS1pbUpJStQbIEhR9oJmx3rz5ylauM7q/sn4tLScZi20qLmRSMMD7aEKIla5FylJzZQLRWyd8Xb3C4AZFHxH0pSW8M3lmbxnInIkzcG4rifaXvl4ziGEtPY3IygwPASGnCAI9paTnygWi3Wa5DwzBttrWUe0pcFS1qKlk88yiSZqcfitu8j2uuOcUcfdLz11GQlMkpaBM5U725m9UHEcQQSI+tvWrd7GAynUzMASfhROG9mVKVnIIFvZPzr1z/FcD7J9nipQURedCNa6pwTB5D0A32vNqicF4VpFqtw5Fo929YvLWtn0tmMWk7An40PFvzYcrGhYfD3mIPxij4fgl50AuagmYNFhNWCE8tIoWUbaU9p7WaIeo+VR8W5BTHXfSnByZHuqIrNYGJk+6osTBzHLeguDSiJdsKivHkd6LiA+QFJ1k/CrUmI6zFVyWFFV/wDl51OeURptFVBFI0qrXwBHi+Nl9sgCegEC2lWwXpTlJomIAYI8vjNE9aMrrUVaL3nSiw+/pTSr3TtTwTSBE6edXVxhM/3/ACrKQpM05DX96aYCUTpeaetG1ONjtWJbM1FDUjlT0Yc70iGNppwkTQDAuDTHCaKOetDaemQR5VQMrNjBPOmO4QG4kEctPWpTSazJvFqjRcM3G/pQnvI03EKMi1oogSYE7/lRNRwJ2PlXm7v47Qh3GeCP93hk5RfVaoKyeZFkivR77sSrYSfcCfyivGfEuIlbjrpv4jji9t1FQ9wgeldfjm1m10r7PPZkOPLxC9GBlRP/AHigqTP+QD416Jw7ev51ovcx2c8LAsH+Z0F5Xms2n0it/bJqc72shpFFQLUsXpwrDYSRJtTSj40aKYuoz6DW31qELmpLwFR1t7iiwxxuedvKjNgjWs8KBJ5TWYZU30mipIboDrdzREqP0abiHDE9aDzD9oyf8Qvf/Z2/QXsetbH9l1EHGHmGfd/ErVPtBn/rFQj/AILRM+tbh9lo2xvQsjyH8TTzr1z/AEcN7d0z+8/RoyDvrUd1W0eVGYGory66HAa00NUSYpyDTRGiafkrHE9awoqADqbEH2gQQRzHLlf4V4/70+xf3PFLbAIac/iNTsCoSn/lJjyr2EodYrkH2luCBeEQ+BK8O6Mx/wDDclPuzQfSunDllSzWrfZr7VlLrmEUfZUC41B/nEBYvsoHNAr0ATXjTsXxjwMVhnR/K6kH/SshCvga9mKagm29vraJrfyTs4390Z1JG3Wucd7mKJbblKh/E152rpqBzjyrnffQ5KGOrivgmscJ3H0/wffzcP7cuMUmW1OinZ697+j4CEbxTRVrieBqS2l25QsxPI7D1qtyCprXHlxvq/8Ao2fsB2iLLkEgIXqDsYsfORXam8pM2+hXm4q92nrpXZu7jtB4reVX40ez5jY+grh8nH7j8z+bfhPKTnxnr/b92w8b4qlpCnFR7F40kxYetcE4rxNTy1Ok3VoOQ2HppNbT3l9p/EWWkXQn8XIqHzitMia18fHO3X8p/B+HH9TnO73P4AKtfhHxpUU7wrHT60qz4twVTWRK7KUhK45A6Cu0x+ivLjxzb3fSuBpQnWsmadFj5X+ulakdLOnoHsS1GGYnZtI+fyq/KLiqzsu1DDP/ANJEeoB/OrZpMfX1FfO5+6/lv4v/AK3P+zlptQvDtR1N/WtItus48bXO13APHaKD+MD2Cdjr+1cH+5ESFWUFEEco/WvSp0gDz+rVzXvP7IwS+iAP5xvNhMV3+Pl3lfofyn8ZPj5eHL1XNwjkL1O4JxQsrS5uk6cxEEetRFjSkbHzr2ZsftuXHjyme5Y7ZxTtOEsB+xSRZPNWw9LmuM4nEla1LUbkk9Onl5UpxZIyScouBsCdSBQymK58eHj6fN/C/gePw8uXP7pEK/tUzg3BlOrDaNdT0HOoiBcCJJsBzOwHnXaOwXYzwG8yo8VwArj+UbJG9t6zz541+N/Ez8P8flv+V9RecF4OhpAQgQABPU7k9TU51vrtpFFSisWm1eO3a/nnycrz5Xle7UdqaH4fSiqABm97ep0oikVmuVRC3Hvp+gg6eVEmhLE++ojAr9ulNLW/p8KeUkChIxBPl1oHKOlBIkiJ1INH8veNKcpjrfXWiwEwBy69aYkkgaA+8U51N4ItE+tFZBk20091ChNKNucxpr/anqFzOm1Jl89LxzvRCmANfPc0QFSelvnSNLvTlL33HOsUk8qus6RWhvSeHz9OUzTSwdRy03rG0k6gT8v3qtaIGwJtvptRUnToPfTG5im5rzTEBdaM2MDpz605LfMX50YRf50F9mIN/rnRcDW+Em5A0jb08zTyq319b1FdYE+0ATre8Hb+9OWTsYm+lVMNDgvFEWCNr0jCIF6eU+fOimlQGs31O1Yrp9e6iKa2MGedDW0PdyoMSDFx9frTwidqaE9dKRazzijOgvoGnnabmxn4VzDjrXhPE5ZC7jzOvurqDo3Na52p4fnSSIlIlM/Ko1O/aHxDhqltEyTlTYAARIESeQmtu7BOeMjLqpEIVPQC/kdRVT2GxpdQlsBMrlChyOQ6wJ2nSmuLWw4C2UjJ7IgFJWAfaAnUiI0qa485v9Lfvv7GBGGZxCfxIX4LtoCs05VwNhEGa5/2Q4llzIUJB0869EYTjzHEcM60FJSVJAUF/wAih7VxqTIjMOdeW3uEvoUopadCUlQCikpCoUQCARmynYxcVE4rfjHC1JOZsiCZKDofKNDVW52vSIzpUg9QY98UjvHHhYtmed/zioquMLH4kKjcWPzrcW/ufiO2zU6lR2gftVeviTroVCQlG61Wj9TRx2nAtBB/0j5xVbi+IZ/X68qMyIeJWDCQLDfn+1RHkb7/AFFSlogVZ9leB+M5MewnUagnbzo3Io8FhVj2siz5JVHwFOXgH1+ylp08hlUB6kgCPWu8cN4ZAA06aVZtYbbrzrUq45L2M7nlZg5iohN0tpMmdQFKAIA5gXrreGwoAFgANhp5eQp6GomKcoT5R76uqIlGu3LkKEZB6RyvPnRptpSQagCE3111v8Kfh1ToMvQ7imqRG1vzoxRysN+nSik0n6j9aItVKyOXnNIbnzozp7Q53tQLzyvtUoNxQ2WR6medTDQ1r+FJE0VVNDVpqJGt9sOzYdRIOVxHtNqAkyNj0NE7KdofFRCh7afZWJ/mG8deu1XRYJitPxyfAxQiycQLj/OkWPqlNXVxU97WGKTh3xBDaisiN5sOXOhN9oMPxANtrK0qQvMUTBOn4TyB2G1XXEu1v+1DCFCcqkZiTe6hMQRGlaV3gdm28OvDuNSlTjoGWdDN8vIcxWq1L9Lriaw7xNlF8jLZKZM3gQfPQHyra8Z2XDj7OIKiFMkxEXmR7U7QdK03BNFPEjI1ZOWdz7JJFbhjO2MYprDBvMXEFSiP5SnnfSKZhelN3nOFOFeAEWF51GYa+tbP2WZKWGRJEtoMWtIt7613vZH+yKE/jW2jTrmN72MVtfBE+wiTMISPcKWdMpGJeABJIAAm9ramtBwmDVj3M6pGFbMJT/3ygbqVP8mwAqb24xJdU3g0X8YFTqv6GgQIMfhK7gXrc8Fg0pSEpEJSAB0gaDT5VCU1bYSALAQANrDQClQ5qaI8i8HT6+XOgjADmT0O3lWapq0gmQOk0pRsae8jpakTFr+VZwRsZhMybCSkSRzTv9Cg41tDycwXldSkJ0ELQNiNlAQJOsVbIRypmO7NhXtJlJg3jXa9ZbnppjTwBj4CirxSbEgGLgT86scZwJywlMeV/lUdnsgJEqk9Bty0NVrf3VquILxBgaD0EdOdbbw7BBIiIpeH8LSmw2qxbbA9a1EyOhYbT8qhNj2j051PwyrT0FQm03PnW3mTWE3F771NWjcVA8K4+FWHgjT6NWCIvAAqnMQdY2oxbmAetqMpje9rVHQ6Z5R01rQaU7W0sOXKuYd7eLWh3BkOKSCpYKQbGFIsqLkmTXUi3vP6Vynvqa9vCEa+KuPIZJ/OrPbNXPYzHqL+MSpRID3sA6JSEJMJ/elcdI4m2nxFBC8ItZQPw5krTNt1RHxoXZbDgYnHBP8A3qCnrLaCrXralUs/4gwYkhhwabZxKT9fOqaouH8efztZnZA4k80sRBLICi2melqmd7fHMS0MMph0NAuLS7IBlIAgEbmNdqpcHiQHP/8AKKBPRQInzFWPfOBlw8H/AIiz/q9mBQX/AG54o63hVuoVlcShBCyOcTbr1rW+NdrMQnh7WISoeIpYSv2fZkqISRJFrXq/7eEnBOKiQEN6c7RWtcZWTwpA9n/eNyTsErm3Um1WcTehOF9qcS9w7EPF0NvtzlUlNoATMzIvpRE9qsUrH4ZjO2WncM0tZUi4UULKyIUOQ150DswJ4XjEgWSVzI/EMoJ935UDh5KeI4MnfCsJnQQoLA9diOVLCD8a7wMSjGLYR4YaStBuCSUqygkKzEE6+zFq2HtP2idbdUhOTIMOp7MQc2YaDlFaJ28xQHEHbgStk84BAB9K2zteYxTiblI4e4dLD8WvnUsaB7WdunmMPh3kJQpThSFJVOUhSZ2uDyvFV3aTvRfZxIZDbakqDJGbMFJLgB/sKD2+a/6vwJn2lKT5WBIrXe3z3+2J1MJw5PohPypJo6b2j7WutPlpKElP3VeIzGQorRAygC2Ukn3VJR2kWcGnEZAXFM+IW5sPZnLJ2HOq3tU8Tigr/wDkngmbz9a0zhDQVw5FiZwygq95CDBHrtWfEH7s+05xTAdKA3KikJSSRKRf3mrHsN2mXiW1qUjIpDrjRAMg+GvJPmfxEbVrfcU2pOEMRkS4q2+2nnVp3UK/hOEyk/e3/iq5PXpWSKThvfX4qMQv7vkTh1Rdyc4zlBIMQkgiYI3o3DO84KZW74KwA+hoiZgOGEqnSPKtD7PtDweKgiQggpPm8So+ojyINE7Muzg37+ycXhyfLYdIma3Z0Ordte1gwrQcKFLlaUQjUTve0edT8Dx9JYOJyqyeCp7KRC8qUk5Y0zGtW751RhDHtALQJG9zE7etTuDQeHgZrKwrlxrJQqR0gj0rmEX3kpMewsThFYoWB9hJMpVGi/ZNqzsP3ls4xSwjxAUJCiFJhISdLnfUelaphmpDJv7fCngfK5kc4KtagdwuHAXiBGrSAPRQ/c+Vaw10finbtpGIThFBzxVJSpOUSmFJKrnbSmdl+2TWIK0NKUVNWOZJTcGDBM5o0tWkdpMKRxfDgfzJaB6phSbnaANad3MGH8WP6HFe4rX+1LxTWzcd71sK094CysLGWYQSJV+FM9Z1onFe8bDN586lANLS2ohJPtqAUkeqa5p3poCcepQAlzwFT7h6G2lWfbhKQ3jp/H94YUBy9gSaz49K6fh8SHWwpBkKAIPNJP6RWvcV7CBVwch6aHzFWnYd/Nh2YEfwxeI93PzrY2YKTzBvUqxyhzsQ6lKkFKVjZSIBPSDUMNqQjJ4bgEctYPTeutPNiRr6VCdwoKeX5XqK46+hwgpS0QVf11H/AOhKlGT7EAAxy9a7QeCg7Cdvr5UNPBb9d6wrn3B+yCUaAknUm5NbRw3h0bVsbXCdqlqwgSNvfRpQJwhE2p6cC5NhbedvKrxDhnSOuw6U8gyRqKMoLWG31O1MKlHW1tBUpzBTuRG1YG4/fejULgmakqa2tTG3DyiaIUdaDEJEWqFj1gJk7GpqUx15UDHAZb896Go7Qt6UqmRTEE5ja1oNSFp8jz86KjZvaTHWfKilBk31NhyFQzib3BBFp2/tepzHP3fXKjJW0bU0Yi8b7Ci5qArC+0Dun4/rQiQANetRlnbrUtSajOIvOvOaNQAoP6URE72tRCmL01KaNGp1/OkLVGzCkdSddtaMhk6EwPfTgjenqEinFP8AaKEBUmZmgtNxuenKalAfXzoUX6UaBMJ10J2pW0maI6iTYUXD4XntUwZ4YqOtUmNjRC9MiIjf62prfLzM1WgDypA3pfSfjR1oqO4IiTrzoyq+0j5Sw+dg0uCNQMhHzrxWpUNTvln1/vXtntRg8zD6R/Mw5pz8Mkef7V4qKAWeoT+REefSu/xT258pmPbnZvCpSyygaJZaHubSKn/2qm7MYkKYZUNFMtkf/q0k+dzrVug1yvtvyOTREOT8qCpNPbZiayuiqE1HfbuNaLnPTShqRceVWKYG6aWvhR1Cm5Pr62rRUdzD79KcwnlRFJ2/ehM4fes1DpA/ascECkI8rfXvrHWZgeRqjyz9oBE8ScP/AILQ87E1uv2Wm/4eMO/jND/0K/U1pnfs5/1k9oYQ0Lf6TW//AGXY8LGf/Wa/9hmvTP8ARj7dlcaFAwjs3+FHMk+VEbbjSvM7HZppFch8afFZlowEdY0tt8qxI5URwcqa4dKALoHXp51p/eZggvA4xGuZhZPOUkKT7iJrasQkne1az3jPBODxR3DCx7wBflr8aDxktwhAUNRCh6Xr3XhnPZQZklCCepKEn9a8LPt/w/8AlH0POvcbDcBKU/yIQn3JA/Ku/wAvqMRKWzAmuad8jnsM/wCtU8/w2rqOeRM9K5V3zL/7PpBUs+oiuPD/AGfV/L/+vx/tzc0Pw5G9GUYpIsfKvpP6Q612X4SlzBIQoWKSfJQMAjytXKuJYFTa1oUIKTHnaxvrXa+78n7q1MfhMc9T8/yqi70Oy2dHio/E2CVga5OfWOe1eScs5Pyvw/jP0/xPLjy/1tyOUrTU/g/FFtKzIMEgg+REVDL9j1+vjTQTY16363x4cplyykj11+Jk05JpwRVh2c4EX3Q2nTMM52SmPmeVPScrw4Tb1I2Du07KBxYecH8NJ9kf1Kn5DWk721f7V5NiPK8V1fh3DUoSlCRCUWjy3POTeuSd7Kv9r10aT9edeact5Py3w/iv/wDR+K2f6yf4/wDZqLabU19PsmOR+VPQKV0Wjnb32r1P1nK9f8PR3Z9P8Jnn4SJnY5E2q1abtUXg34G5H/DR6ewkXqxXavm8vdfyz8Td+Xn/AHTAnraKjLki3MVIZbsSbcutCCp0uPlFR5WJavE6UmKwQIKSJCgQfKiNMzFOdbGk3nbfpyp/TUud/s4H2w7PFh5SIgTKeRBAIg7m8VTqAiuid7/GEqUhpJBKDmURqmRZM+UVzqK+hwtzt/Rvy/5OXyfDxvOds+dIpz96xRj96QH+3Oq+hZ7s9x0Luu7H5lDELFkz4Sdv9R8tq60hAitX7IcRS4ygpEAACB/LAg+8yb862nDYgEXrxfJ77fzz8y+Xlz+bl5fV6hsctaxxqfSpAcExv0oWTlppXLHy0dbf9qapU07EImbjl1FKGCbaUQyAR0/OmOMgDenFo87Ujy4kDWoGldpvTZ05UjQJN99uXlSvCNL9DUBCNgbHamujekQwTBJgXnnOwB2pUKOp1mtMhnDgkG/T85rCo68v7UXDrJBtcUgG1Agb91NCKVaoFvd+dK6oSROlTQzNb50x4i3n1p7aZ/WsdTaoFPOkcTI15fOlSnTTSsUk/wBvfNaBFKjz51GeNrmL26n6mirMihvJFtwNBuDzqjAI99ED0wDQXXoF+elYFTtegTFYeL7fUUAOT0qehex9/wC1DxD
KLV400,1981,
QWE123,1982,
QWE235,1983,
QWE128,1984,
QWE127,1985,
QWE126,1986,
QWE129,1987,
QWE120,1988,
QWE111,1989,
QWE222,1990,
QWE333,1991,
QWE444,1992,
QWE555,1993,
QWE666,1994,
QWE777,1995,
QWE888,1996,
QWE999,1997,
QWE987,1998,
QWE986,1999,
QWE985,2000,
QWE984,2001,
QWE983,2002,
QWE982,2003,
QWE741,2004,
QWE742,2005,
QWE743,2006,
QWE745,2007,
QWE746,2008,
QWE747,2009,
